{"actualizado": "2026-06-19T15:37:51.499621", "n_equipos": 336, "ratings": {"scotland": 1873.0375911060278, "england": 2123.9612576573113, "wales": 1755.9703402327818, "northern ireland": 1666.5832078736719, "united states": 1907.216728956202, "canada": 1898.4648518851027, "uruguay": 1950.7182003300154, "argentina": 2201.8132536837534, "austria": 1929.7976407983126, "hungary": 1778.409115269548, "czechoslovakia": 1794.9294964569215, "belgium": 1947.912457812943, "france": 2146.797360218924, "switzerland": 1948.9224305505263, "guernsey": 1748.0894898865338, "alderney": 1067.9155316843007, "jersey": 1816.2569235152866, "netherlands": 2016.5690786436257, "guyana": 1487.0633204089115, "trinidad and tobago": 1529.641056038972, "south africa": 1673.1278623285064, "germany": 2028.383603376172, "sweden": 1821.7667502448055, "norway": 1999.8583477084103, "denmark": 1926.4987491824522, "italy": 1929.7959226373587, "chile": 1796.1784192073446, "russia": 1849.8705827312322, "finland": 1600.243546870553, "luxembourg": 1475.566442002394, "catalonia": 1675.696484679718, "philippines": 1359.3324422653302, "china": 1565.3137251787414, "brazil": 2054.829962983087, "basque country": 1812.0303316112622, "japan": 2006.5082987805315, "paraguay": 1862.603596403996, "romania": 1706.827457616605, "greece": 1810.749125128937, "yugoslavia": 1875.7981299474766, "spain": 2189.2420461819524, "egypt": 1818.553596433945, "estonia": 1430.0567022782832, "suriname": 1595.594205411002, "provence": 1464.8906583023065, "costa rica": 1747.9558610841652, "el salvador": 1493.9025819131432, "guatemala": 1647.9140639614366, "poland": 1774.6782098091437, "portugal": 2026.0887068217035, "brittany": 1507.0311810987528, "new zealand": 1737.6768769049336, "australia": 1964.1403801702597, "latvia": 1341.4083419773406, "galicia": 1536.7306951267785, "central spain": 1494.7149754763902, "mexico": 2009.4185392753277, "andalusia": 1604.882843857622, "asturias": 1519.1741326306253, "lithuania": 1346.8865049319074, "turkey": 1922.1589761199702, "aruba": 1205.8060265195527, "curacao": 1588.2617281689832, "bulgaria": 1544.8772862893704, "republic of ireland": 1763.233900085369, "haiti": 1677.6533412521533, "jamaica": 1655.334523962393, "kenya": 1473.6054742734366, "uganda": 1518.3250395887414, "bolivia": 1716.238153870922, "peru": 1769.3873436117788, "honduras": 1708.9905123165458, "belarus": 1586.0043220139055, "ukraine": 1832.9881868974542, "barbados": 1110.0159910164082, "nicaragua": 1498.483328472973, "cuba": 1407.9304034298507, "martinique": 1460.2013831640063, "dominica": 1150.253970859464, "silesia": 1515.1379449461206, "guadeloupe": 1531.5667796130272, "israel": 1685.9870204776253, "indonesia": 1514.8009011039996, "french guiana": 1415.9082984688746, "saint lucia": 1205.7920731156657, "colombia": 2079.232355700213, "panama": 1800.8927660358415, "venezuela": 1824.5524851678526, "ecuador": 1976.1749389939312, "saint kitts and nevis": 1262.5975973744253, "grenada": 1282.038136731796, "india": 1228.440833363459, "slovakia": 1737.7259261637107, "manchukuo": 1431.9899555030038, "croatia": 1938.6471173690184, "lebanon": 1439.9576305704152, "puerto rico": 1356.491037060623, "afghanistan": 1136.5899830648668, "iran": 1885.8949701994197, "mongolia": 969.3154192395639, "tanzania": 1417.4254832845704, "zimbabwe": 1480.558647715587, "zambia": 1562.2005432569495, "iceland": 1630.9325690553403, "albania": 1688.5706482054197, "montenegro": 1525.4003277106008, "madagascar": 1498.6445758271168, "mauritius": 1206.0763827517665, "reunion": 1578.4227518824748, "zanzibar": 1563.792110458428, "djibouti": 1073.9702194954743, "ethiopia": 1388.1339214855204, "dr congo": 1781.5483234373887, "south korea": 1890.2939631521715, "vietnam": 1483.8582418865728, "macau": 813.4582334245599, "dominican republic": 1479.6375142714978, "cyprus": 1379.9291773224409, "sierra leone": 1459.7934819895042, "nigeria": 1881.7447183148577, "syria": 1598.999633521403, "serbia": 1802.3146788959386, "taiwan": 1041.9076878209528, "ghana": 1661.5364675926744, "myanmar": 1138.3712857950593, "new caledonia": 1600.5114317830169, "vanuatu": 1438.9976603873483, "fiji": 1399.599059466084, "pakistan": 1118.2339047529933, "sri lanka": 1021.0171043283475, "german dr": 1730.166446179295, "tahiti": 1513.6606044417847, "gambia": 1538.103299836278, "hong kong": 1324.6272006796817, "singapore": 1320.2832947822717, "malaysia": 1510.372537741254, "guinea bissau": 1364.2557958374618, "saarland": 1453.179793241935, "burundi": 1383.7262431692673, "cameroon": 1728.222900384589, "kernow": 1601.148935687778, "cambodia": 1084.9140245429176, "thailand": 1539.1358748795265, "vietnam republic": 1343.100542468568, "kyrgyzstan": 1461.6705059523629, "moldova": 1342.7330098529114, "north vietnam": 1488.9814113937468, "togo": 1508.468374114326, "north korea": 1489.282585737375, "sudan": 1464.8335176467701, "malta": 1364.0627430340514, "tunisia": 1680.4237548832486, "libya": 1524.2460069683534, "malawi": 1439.0825398491259, "morocco": 2007.7334269766436, "benin": 1535.2155115467497, "cape verde": 1668.8812356915055, "ivory coast": 1859.8900341325325, "burkina faso": 1645.8714123040947, "gabon": 1522.5850120874975, "congo": 1321.5987234071588, "mali": 1708.2043906690958, "central african republic": 1348.1412358721152, "iraq": 1716.9957032014863, "saint vincent and the grenadines": 1344.3656270938445, "senegal": 1888.0298917651626, "laos": 940.492364494982, "mauritania": 1455.7690212727173, "liberia": 1434.3070945285754, "chad": 1248.6627193824145, "niger": 1498.8096900492603, "guinea": 1574.488733607455, "algeria": 1873.2761280914758, "kuwait": 1486.0014597279956, "jordan": 1754.7667425529428, "papua new guinea": 1460.814939127961, "solomon islands": 1347.2561457779127, "somalia": 1041.9632502402721, "saudi arabia": 1721.7161000335866, "bermuda": 1337.4207238284916, "palestine": 1584.976564873614, "yemen": 1299.774809513884, "bahrain": 1553.9181913200903, "oman": 1584.3645370188387, "wallis islands and futuna": 1280.202485705881, "corsica": 1566.6106285962496, "western australia": 1385.765408580542, "eswatini": 1305.819378305099, "botswana": 1399.4012443400766, "qatar": 1584.2812787266055, "lesotho": 1409.477193222567, "bahamas": 922.8023644657839, "brunei": 892.5864125997531, "cook islands": 1130.4157384212422, "yemen dpr": 1348.3722884854776, "united arab emirates": 1673.4502332863522, "faroe islands": 1443.005324700963, "nepal": 1079.8193365974146, "antigua and barbuda": 1100.9715091882267, "bangladesh": 1137.864355202947, "seychelles": 993.7750282633712, "equatorial guinea": 1438.8144007104713, "mozambique": 1500.2551748578321, "guam": 957.5013122813712, "angola": 1591.2789088817908, "sao tome and principe": 1162.1795962199396, "rwanda": 1465.2346279328879, "northern cyprus": 1736.9220979909753, "armenia": 1441.3102519973825, "georgia": 1721.2139158290684, "azerbaijan": 1408.6625364495414, "kazakhstan": 1522.6037348805198, "comoros": 1485.9037337928064, "maldives": 974.9025408639249, "tonga": 1061.9240473210607, "kiribati": 1202.6556397622585, "tuvalu": 1197.1976347288426, "samoa": 1240.158794464705, "greenland": 1462.727421503503, "liechtenstein": 984.5434573920633, "bhutan": 832.5118033392724, "south yemen": 1465.3388993668636, "niue": 1418.3443050409626, "american samoa": 889.5208748295564, "belize": 1285.1154530514011, "cayman islands": 1031.568407939916, "anguilla": 889.0101229840917, "british virgin islands": 1024.9115822856609, "palau": 1421.95082544075, "sint maarten": 1287.2120027360704, "namibia": 1404.497059886082, "ynys mon": 1655.4810688575901, "shetland": 1504.1012389638838, "aland islands": 1467.5450616077171, "saint martin": 1296.555885623999, "san marino": 917.294675526169, "montserrat": 1218.9478586754456, "slovenia": 1743.8114003918847, "isle of wight": 1676.8841003682792, "turkmenistan": 1388.8116309996938, "tajikistan": 1433.181356219092, "uzbekistan": 1813.9107508357586, "eritrea": 1191.4425939703901, "gibraltar": 1144.7553893165211,